"Prebivalstvo po: STATISTI»NA REGIJA, LETO, STAROST , SPOL"

" ";" ";" ";"Spol - SKUPAJ"
"SLOVENIJA"
" ";"1995"
" ";" ";"0-14 let";368578
" ";" ";"15-64 let";1380754
" ";" ";"65 + let";240145
" ";"1996"
" ";" ";"0-14 let";360472
" ";" ";"15-64 let";1380748
" ";" ";"65 + let";249046
" ";"1997"
" ";" ";"0-14 let";348392
" ";" ";"15-64 let";1383189
" ";" ";"65 + let";255408
" ";"1998"
" ";" ";"0-14 let";338068
" ";" ";"15-64 let";1384429
" ";" ";"65 + let";262426
" ";"1999"
" ";" ";"0-14 let";328629
" ";" ";"15-64 let";1381118
" ";" ";"65 + let";268587
" ";"2000"
" ";" ";"0-14 let";320374
" ";" ";"15-64 let";1391981
" ";" ";"65 + let";275400
" ";"2001"
" ";" ";"0-14 let";313406
" ";" ";"15-64 let";1395282
" ";" ";"65 + let";281406
" ";"2002"
" ";" ";"0-14 let";306721
" ";" ";"15-64 let";1398757
" ";" ";"65 + let";288548
" ";"2003"
" ";" ";"0-14 let";299119
" ";" ";"15-64 let";1401260
" ";" ";"65 + let";294654
" ";"2004"
" ";" ";"0-14 let";291510
" ";" ";"15-64 let";1404768
" ";" ";"65 + let";300155
" ";"2005"
" ";" ";"0-14 let";286678
" ";" ";"15-64 let";1404428
" ";" ";"65 + let";306484
" ";"2006"
" ";" ";"0-14 let";283221
" ";" ";"15-64 let";1407263
" ";" ";"65 + let";312874
" ";"2007"
" ";" ";"0-14 let";281079
" ";" ";"15-64 let";1409667
" ";" ";"65 + let";319631
" ";"2008"
" ";" ";"0-14 let";281081
" ";" ";"15-64 let";1417938
" ";" ";"65 + let";326847
" ";"2009"
" ";" ";"0-14 let";284054
" ";" ";"15-64 let";1414279
" ";" ";"65 + let";334029
" ";"2010"
" ";" ";"0-14 let";287275
" ";" ";"15-64 let";1421436
" ";" ";"65 + let";338265
" ";"2011"
" ";" ";"0-14 let";290853
" ";" ";"15-64 let";1420392
" ";" ";"65 + let";338944
" ";"2012"
" ";" ";"0-14 let";294149
" ";" ";"15-64 let";1416347
" ";" ";"65 + let";345000
" ";"2013"
" ";" ";"0-14 let";298095
" ";" ";"15-64 let";1408581
" ";" ";"65 + let";352145
" ";"2014"
" ";" ";"0-14 let";301053
" ";" ";"15-64 let";1399926
" ";" ";"65 + let";360106
" ";"2015"
" ";" ";"0-14 let";304310
" ";" ";"15-64 let";1389178
" ";" ";"65 + let";369386
" ";"2016"
" ";" ";"0-14 let";306390
" ";" ";"15-64 let";1377696
" ";" ";"65 + let";380102
" ";"2017"
" ";" ";"0-14 let";308594
" ";" ";"15-64 let";1366875
" ";" ";"65 + let";390426
"Pomurska"
" ";"1995"
" ";" ";"0-14 let";23005
" ";" ";"15-64 let";89073
" ";" ";"65 + let";17789
" ";"1996"
" ";" ";"0-14 let";22238
" ";" ";"15-64 let";86575
" ";" ";"65 + let";17859
" ";"1997"
" ";" ";"0-14 let";21504
" ";" ";"15-64 let";86753
" ";" ";"65 + let";17967
" ";"1998"
" ";" ";"0-14 let";20739
" ";" ";"15-64 let";86769
" ";" ";"65 + let";18214
" ";"1999"
" ";" ";"0-14 let";20048
" ";" ";"15-64 let";86846
" ";" ";"65 + let";18363
" ";"2000"
" ";" ";"0-14 let";19411
" ";" ";"15-64 let";87076
" ";" ";"65 + let";18482
" ";"2001"
" ";" ";"0-14 let";18786
" ";" ";"15-64 let";86974
" ";" ";"65 + let";18569
" ";"2002"
" ";" ";"0-14 let";18298
" ";" ";"15-64 let";86920
" ";" ";"65 + let";18730
" ";"2003"
" ";" ";"0-14 let";17722
" ";" ";"15-64 let";87028
" ";" ";"65 + let";18800
" ";"2004"
" ";" ";"0-14 let";17279
" ";" ";"15-64 let";86999
" ";" ";"65 + let";18795
" ";"2005"
" ";" ";"0-14 let";16906
" ";" ";"15-64 let";86899
" ";" ";"65 + let";18912
" ";"2006"
" ";" ";"0-14 let";16585
" ";" ";"15-64 let";86801
" ";" ";"65 + let";19067
" ";"2007"
" ";" ";"0-14 let";16290
" ";" ";"15-64 let";86432
" ";" ";"65 + let";19346
" ";"2008"
" ";" ";"0-14 let";15998
" ";" ";"15-64 let";86151
" ";" ";"65 + let";19675
" ";"2009"
" ";" ";"0-14 let";15861
" ";" ";"15-64 let";83347
" ";" ";"65 + let";20329
" ";"2010"
" ";" ";"0-14 let";15838
" ";" ";"15-64 let";82985
" ";" ";"65 + let";20725
" ";"2011"
" ";" ";"0-14 let";15676
" ";" ";"15-64 let";82622
" ";" ";"65 + let";20847
" ";"2012"
" ";" ";"0-14 let";15529
" ";" ";"15-64 let";82361
" ";" ";"65 + let";21098
" ";"2013"
" ";" ";"0-14 let";15443
" ";" ";"15-64 let";81117
" ";" ";"65 + let";21462
" ";"2014"
" ";" ";"0-14 let";15398
" ";" ";"15-64 let";79845
" ";" ";"65 + let";21890
" ";"2015"
" ";" ";"0-14 let";15373
" ";" ";"15-64 let";78834
" ";" ";"65 + let";22463
" ";"2016"
" ";" ";"0-14 let";15294
" ";" ";"15-64 let";77664
" ";" ";"65 + let";23120
" ";"2017"
" ";" ";"0-14 let";15249
" ";" ";"15-64 let";76376
" ";" ";"65 + let";23852
"Podravska"
" ";"1995"
" ";" ";"0-14 let";56309
" ";" ";"15-64 let";229709
" ";" ";"65 + let";39118
" ";"1996"
" ";" ";"0-14 let";54871
" ";" ";"15-64 let";226025
" ";" ";"65 + let";40182
" ";"1997"
" ";" ";"0-14 let";53210
" ";" ";"15-64 let";225843
" ";" ";"65 + let";41308
" ";"1998"
" ";" ";"0-14 let";51432
" ";" ";"15-64 let";226061
" ";" ";"65 + let";42348
" ";"1999"
" ";" ";"0-14 let";49995
" ";" ";"15-64 let";225748
" ";" ";"65 + let";43529
" ";"2000"
" ";" ";"0-14 let";48487
" ";" ";"15-64 let";226456
" ";" ";"65 + let";44662
" ";"2001"
" ";" ";"0-14 let";47224
" ";" ";"15-64 let";226880
" ";" ";"65 + let";45613
" ";"2002"
" ";" ";"0-14 let";46102
" ";" ";"15-64 let";227071
" ";" ";"65 + let";46905
" ";"2003"
" ";" ";"0-14 let";44953
" ";" ";"15-64 let";226868
" ";" ";"65 + let";47983
" ";"2004"
" ";" ";"0-14 let";43841
" ";" ";"15-64 let";226857
" ";" ";"65 + let";48728
" ";"2005"
" ";" ";"0-14 let";43040
" ";" ";"15-64 let";226477
" ";" ";"65 + let";49597
" ";"2006"
" ";" ";"0-14 let";42464
" ";" ";"15-64 let";226261
" ";" ";"65 + let";50510
" ";"2007"
" ";" ";"0-14 let";41993
" ";" ";"15-64 let";226240
" ";" ";"65 + let";51473
" ";"2008"
" ";" ";"0-14 let";41591
" ";" ";"15-64 let";227058
" ";" ";"65 + let";53132
" ";"2009"
" ";" ";"0-14 let";41809
" ";" ";"15-64 let";226281
" ";" ";"65 + let";54810
" ";"2010"
" ";" ";"0-14 let";41936
" ";" ";"15-64 let";225546
" ";" ";"65 + let";55861
" ";"2011"
" ";" ";"0-14 let";42117
" ";" ";"15-64 let";224845
" ";" ";"65 + let";56157
" ";"2012"
" ";" ";"0-14 let";42205
" ";" ";"15-64 let";224489
" ";" ";"65 + let";56840
" ";"2013"
" ";" ";"0-14 let";42596
" ";" ";"15-64 let";222863
" ";" ";"65 + let";57779
" ";"2014"
" ";" ";"0-14 let";42870
" ";" ";"15-64 let";221525
" ";" ";"65 + let";58933
" ";"2015"
" ";" ";"0-14 let";43387
" ";" ";"15-64 let";219664
" ";" ";"65 + let";60305
" ";"2016"
" ";" ";"0-14 let";43630
" ";" ";"15-64 let";217125
" ";" ";"65 + let";61798
" ";"2017"
" ";" ";"0-14 let";43961
" ";" ";"15-64 let";214777
" ";" ";"65 + let";63305
"Koroška"
" ";"1995"
" ";" ";"0-14 let";14539
" ";" ";"15-64 let";52165
" ";" ";"65 + let";7653
" ";"1996"
" ";" ";"0-14 let";14132
" ";" ";"15-64 let";52086
" ";" ";"65 + let";7948
" ";"1997"
" ";" ";"0-14 let";13633
" ";" ";"15-64 let";52113
" ";" ";"65 + let";8219
" ";"1998"
" ";" ";"0-14 let";13285
" ";" ";"15-64 let";52142
" ";" ";"65 + let";8520
" ";"1999"
" ";" ";"0-14 let";12941
" ";" ";"15-64 let";52218
" ";" ";"65 + let";8788
" ";"2000"
" ";" ";"0-14 let";12597
" ";" ";"15-64 let";52365
" ";" ";"65 + let";9085
" ";"2001"
" ";" ";"0-14 let";12247
" ";" ";"15-64 let";52480
" ";" ";"65 + let";9348
" ";"2002"
" ";" ";"0-14 let";11878
" ";" ";"15-64 let";52561
" ";" ";"65 + let";9588
" ";"2003"
" ";" ";"0-14 let";11486
" ";" ";"15-64 let";52640
" ";" ";"65 + let";9775
" ";"2004"
" ";" ";"0-14 let";11104
" ";" ";"15-64 let";52728
" ";" ";"65 + let";10028
" ";"2005"
" ";" ";"0-14 let";10884
" ";" ";"15-64 let";52692
" ";" ";"65 + let";10263
" ";"2006"
" ";" ";"0-14 let";10609
" ";" ";"15-64 let";52635
" ";" ";"65 + let";10510
" ";"2007"
" ";" ";"0-14 let";10432
" ";" ";"15-64 let";52412
" ";" ";"65 + let";10775
" ";"2008"
" ";" ";"0-14 let";10329
" ";" ";"15-64 let";52353
" ";" ";"65 + let";11032
" ";"2009"
" ";" ";"0-14 let";10304
" ";" ";"15-64 let";50747
" ";" ";"65 + let";11430
" ";"2010"
" ";" ";"0-14 let";10358
" ";" ";"15-64 let";50749
" ";" ";"65 + let";11705
" ";"2011"
" ";" ";"0-14 let";10299
" ";" ";"15-64 let";50399
" ";" ";"65 + let";11796
" ";"2012"
" ";" ";"0-14 let";10302
" ";" ";"15-64 let";50112
" ";" ";"65 + let";11950
" ";"2013"
" ";" ";"0-14 let";10297
" ";" ";"15-64 let";49608
" ";" ";"65 + let";12195
" ";"2014"
" ";" ";"0-14 let";10186
" ";" ";"15-64 let";48912
" ";" ";"65 + let";12448
" ";"2015"
" ";" ";"0-14 let";10169
" ";" ";"15-64 let";48392
" ";" ";"65 + let";12742
" ";"2016"
" ";" ";"0-14 let";10096
" ";" ";"15-64 let";47868
" ";" ";"65 + let";13076
" ";"2017"
" ";" ";"0-14 let";10136
" ";" ";"15-64 let";47202
" ";" ";"65 + let";13423
"Savinjska"
" ";"1995"
" ";" ";"0-14 let";49512
" ";" ";"15-64 let";179066
" ";" ";"65 + let";29010
" ";"1996"
" ";" ";"0-14 let";48262
" ";" ";"15-64 let";178271
" ";" ";"65 + let";30041
" ";"1997"
" ";" ";"0-14 let";46569
" ";" ";"15-64 let";178983
" ";" ";"65 + let";30904
" ";"1998"
" ";" ";"0-14 let";45155
" ";" ";"15-64 let";179341
" ";" ";"65 + let";31662
" ";"1999"
" ";" ";"0-14 let";43929
" ";" ";"15-64 let";178727
" ";" ";"65 + let";32315
" ";"2000"
" ";" ";"0-14 let";42769
" ";" ";"15-64 let";180446
" ";" ";"65 + let";33116
" ";"2001"
" ";" ";"0-14 let";41684
" ";" ";"15-64 let";180903
" ";" ";"65 + let";33820
" ";"2002"
" ";" ";"0-14 let";40776
" ";" ";"15-64 let";181349
" ";" ";"65 + let";34746
" ";"2003"
" ";" ";"0-14 let";39715
" ";" ";"15-64 let";181930
" ";" ";"65 + let";35323
" ";"2004"
" ";" ";"0-14 let";38644
" ";" ";"15-64 let";182223
" ";" ";"65 + let";35943
" ";"2005"
" ";" ";"0-14 let";38015
" ";" ";"15-64 let";182080
" ";" ";"65 + let";36657
" ";"2006"
" ";" ";"0-14 let";37425
" ";" ";"15-64 let";182617
" ";" ";"65 + let";37333
" ";"2007"
" ";" ";"0-14 let";37083
" ";" ";"15-64 let";183378
" ";" ";"65 + let";38019
" ";"2008"
" ";" ";"0-14 let";37072
" ";" ";"15-64 let";185041
" ";" ";"65 + let";39130
" ";"2009"
" ";" ";"0-14 let";37260
" ";" ";"15-64 let";181227
" ";" ";"65 + let";40358
" ";"2010"
" ";" ";"0-14 let";37437
" ";" ";"15-64 let";181377
" ";" ";"65 + let";41211
" ";"2011"
" ";" ";"0-14 let";37749
" ";" ";"15-64 let";180468
" ";" ";"65 + let";41509
" ";"2012"
" ";" ";"0-14 let";38041
" ";" ";"15-64 let";179981
" ";" ";"65 + let";42231
" ";"2013"
" ";" ";"0-14 let";38447
" ";" ";"15-64 let";178726
" ";" ";"65 + let";43044
" ";"2014"
" ";" ";"0-14 let";38699
" ";" ";"15-64 let";177243
" ";" ";"65 + let";43911
" ";"2015"
" ";" ";"0-14 let";38140
" ";" ";"15-64 let";171786
" ";" ";"65 + let";44049
" ";"2016"
" ";" ";"0-14 let";38398
" ";" ";"15-64 let";170655
" ";" ";"65 + let";45265
" ";"2017"
" ";" ";"0-14 let";38532
" ";" ";"15-64 let";169800
" ";" ";"65 + let";46429
"Zasavska"
" ";"1995"
" ";" ";"0-14 let";8326
" ";" ";"15-64 let";32176
" ";" ";"65 + let";6195
" ";"1996"
" ";" ";"0-14 let";8177
" ";" ";"15-64 let";32457
" ";" ";"65 + let";6478
" ";"1997"
" ";" ";"0-14 let";7849
" ";" ";"15-64 let";32464
" ";" ";"65 + let";6588
" ";"1998"
" ";" ";"0-14 let";7586
" ";" ";"15-64 let";32347
" ";" ";"65 + let";6780
" ";"1999"
" ";" ";"0-14 let";7351
" ";" ";"15-64 let";32137
" ";" ";"65 + let";6925
" ";"2000"
" ";" ";"0-14 let";7127
" ";" ";"15-64 let";32307
" ";" ";"65 + let";7017
" ";"2001"
" ";" ";"0-14 let";6894
" ";" ";"15-64 let";32235
" ";" ";"65 + let";7072
" ";"2002"
" ";" ";"0-14 let";6663
" ";" ";"15-64 let";32349
" ";" ";"65 + let";7111
" ";"2003"
" ";" ";"0-14 let";6389
" ";" ";"15-64 let";32368
" ";" ";"65 + let";7162
" ";"2004"
" ";" ";"0-14 let";6151
" ";" ";"15-64 let";32382
" ";" ";"65 + let";7229
" ";"2005"
" ";" ";"0-14 let";5946
" ";" ";"15-64 let";32341
" ";" ";"65 + let";7260
" ";"2006"
" ";" ";"0-14 let";5830
" ";" ";"15-64 let";32171
" ";" ";"65 + let";7355
" ";"2007"
" ";" ";"0-14 let";5751
" ";" ";"15-64 let";32022
" ";" ";"65 + let";7456
" ";"2008"
" ";" ";"0-14 let";5760
" ";" ";"15-64 let";31813
" ";" ";"65 + let";7653
" ";"2009"
" ";" ";"0-14 let";5727
" ";" ";"15-64 let";31150
" ";" ";"65 + let";7873
" ";"2010"
" ";" ";"0-14 let";5737
" ";" ";"15-64 let";30975
" ";" ";"65 + let";7994
" ";"2011"
" ";" ";"0-14 let";5675
" ";" ";"15-64 let";30645
" ";" ";"65 + let";7902
" ";"2012"
" ";" ";"0-14 let";5706
" ";" ";"15-64 let";30265
" ";" ";"65 + let";7955
" ";"2013"
" ";" ";"0-14 let";5666
" ";" ";"15-64 let";29735
" ";" ";"65 + let";8101
" ";"2014"
" ";" ";"0-14 let";5622
" ";" ";"15-64 let";29194
" ";" ";"65 + let";8167
" ";"2015"
" ";" ";"0-14 let";8004
" ";" ";"15-64 let";39131
" ";" ";"65 + let";10576
" ";"2016"
" ";" ";"0-14 let";7980
" ";" ";"15-64 let";38521
" ";" ";"65 + let";10903
" ";"2017"
" ";" ";"0-14 let";8058
" ";" ";"15-64 let";38057
" ";" ";"65 + let";11165
"Posavska"
" ";"1995"
" ";" ";"0-14 let";13419
" ";" ";"15-64 let";48982
" ";" ";"65 + let";9607
" ";"1996"
" ";" ";"0-14 let";13124
" ";" ";"15-64 let";48266
" ";" ";"65 + let";9874
" ";"1997"
" ";" ";"0-14 let";12536
" ";" ";"15-64 let";47800
" ";" ";"65 + let";9962
" ";"1998"
" ";" ";"0-14 let";12193
" ";" ";"15-64 let";47736
" ";" ";"65 + let";10106
" ";"1999"
" ";" ";"0-14 let";11855
" ";" ";"15-64 let";47671
" ";" ";"65 + let";10313
" ";"2000"
" ";" ";"0-14 let";11462
" ";" ";"15-64 let";47939
" ";" ";"65 + let";10443
" ";"2001"
" ";" ";"0-14 let";11197
" ";" ";"15-64 let";47889
" ";" ";"65 + let";10616
" ";"2002"
" ";" ";"0-14 let";10938
" ";" ";"15-64 let";48081
" ";" ";"65 + let";10795
" ";"2003"
" ";" ";"0-14 let";10728
" ";" ";"15-64 let";48192
" ";" ";"65 + let";10975
" ";"2004"
" ";" ";"0-14 let";10326
" ";" ";"15-64 let";48596
" ";" ";"65 + let";11133
" ";"2005"
" ";" ";"0-14 let";10065
" ";" ";"15-64 let";48517
" ";" ";"65 + let";11244
" ";"2006"
" ";" ";"0-14 let";9901
" ";" ";"15-64 let";48617
" ";" ";"65 + let";11381
" ";"2007"
" ";" ";"0-14 let";9785
" ";" ";"15-64 let";48824
" ";" ";"65 + let";11449
" ";"2008"
" ";" ";"0-14 let";9706
" ";" ";"15-64 let";49086
" ";" ";"65 + let";11561
" ";"2009"
" ";" ";"0-14 let";9624
" ";" ";"15-64 let";48366
" ";" ";"65 + let";11910
" ";"2010"
" ";" ";"0-14 let";9697
" ";" ";"15-64 let";48522
" ";" ";"65 + let";11973
" ";"2011"
" ";" ";"0-14 let";9758
" ";" ";"15-64 let";48449
" ";" ";"65 + let";11960
" ";"2012"
" ";" ";"0-14 let";9845
" ";" ";"15-64 let";48174
" ";" ";"65 + let";12145
" ";"2013"
" ";" ";"0-14 let";9916
" ";" ";"15-64 let";47944
" ";" ";"65 + let";12351
" ";"2014"
" ";" ";"0-14 let";10013
" ";" ";"15-64 let";47375
" ";" ";"65 + let";12570
" ";"2015"
" ";" ";"0-14 let";10865
" ";" ";"15-64 let";50810
" ";" ";"65 + let";13944
" ";"2016"
" ";" ";"0-14 let";10978
" ";" ";"15-64 let";50452
" ";" ";"65 + let";14281
" ";"2017"
" ";" ";"0-14 let";11009
" ";" ";"15-64 let";49921
" ";" ";"65 + let";14614
"Jugovzhodna Slovenija"
" ";"1995"
" ";" ";"0-14 let";21881
" ";" ";"15-64 let";71357
" ";" ";"65 + let";11566
" ";"1996"
" ";" ";"0-14 let";21637
" ";" ";"15-64 let";71500
" ";" ";"65 + let";12003
" ";"1997"
" ";" ";"0-14 let";21207
" ";" ";"15-64 let";72081
" ";" ";"65 + let";12580
" ";"1998"
" ";" ";"0-14 let";20654
" ";" ";"15-64 let";72481
" ";" ";"65 + let";12993
" ";"1999"
" ";" ";"0-14 let";20138
" ";" ";"15-64 let";72434
" ";" ";"65 + let";13341
" ";"2000"
" ";" ";"0-14 let";25141
" ";" ";"15-64 let";94485
" ";" ";"65 + let";18300
" ";"2001"
" ";" ";"0-14 let";24551
" ";" ";"15-64 let";94754
" ";" ";"65 + let";18793
" ";"2002"
" ";" ";"0-14 let";24000
" ";" ";"15-64 let";95071
" ";" ";"65 + let";19309
" ";"2003"
" ";" ";"0-14 let";23285
" ";" ";"15-64 let";95598
" ";" ";"65 + let";19761
" ";"2004"
" ";" ";"0-14 let";22577
" ";" ";"15-64 let";96121
" ";" ";"65 + let";20150
" ";"2005"
" ";" ";"0-14 let";22031
" ";" ";"15-64 let";96513
" ";" ";"65 + let";20551
" ";"2006"
" ";" ";"0-14 let";21631
" ";" ";"15-64 let";97203
" ";" ";"65 + let";20913
" ";"2007"
" ";" ";"0-14 let";21385
" ";" ";"15-64 let";97553
" ";" ";"65 + let";21320
" ";"2008"
" ";" ";"0-14 let";21242
" ";" ";"15-64 let";98657
" ";" ";"65 + let";21648
" ";"2009"
" ";" ";"0-14 let";21178
" ";" ";"15-64 let";97898
" ";" ";"65 + let";22090
" ";"2010"
" ";" ";"0-14 let";21168
" ";" ";"15-64 let";98737
" ";" ";"65 + let";22187
" ";"2011"
" ";" ";"0-14 let";21351
" ";" ";"15-64 let";98945
" ";" ";"65 + let";22187
" ";"2012"
" ";" ";"0-14 let";21626
" ";" ";"15-64 let";98531
" ";" ";"65 + let";22523
" ";"2013"
" ";" ";"0-14 let";21856
" ";" ";"15-64 let";97693
" ";" ";"65 + let";22960
" ";"2014"
" ";" ";"0-14 let";22097
" ";" ";"15-64 let";96939
" ";" ";"65 + let";23369
" ";"2015"
" ";" ";"0-14 let";22316
" ";" ";"15-64 let";96139
" ";" ";"65 + let";23918
" ";"2016"
" ";" ";"0-14 let";22503
" ";" ";"15-64 let";95528
" ";" ";"65 + let";24535
" ";"2017"
" ";" ";"0-14 let";22637
" ";" ";"15-64 let";94950
" ";" ";"65 + let";25124
"Osrednjeslovenska"
" ";"1995"
" ";" ";"0-14 let";96063
" ";" ";"15-64 let";357795
" ";" ";"65 + let";59442
" ";"1996"
" ";" ";"0-14 let";94072
" ";" ";"15-64 let";361790
" ";" ";"65 + let";62266
" ";"1997"
" ";" ";"0-14 let";90790
" ";" ";"15-64 let";362444
" ";" ";"65 + let";64078
" ";"1998"
" ";" ";"0-14 let";88400
" ";" ";"15-64 let";362599
" ";" ";"65 + let";66264
" ";"1999"
" ";" ";"0-14 let";86069
" ";" ";"15-64 let";361012
" ";" ";"65 + let";68213
" ";"2000"
" ";" ";"0-14 let";78890
" ";" ";"15-64 let";343189
" ";" ";"65 + let";65710
" ";"2001"
" ";" ";"0-14 let";77830
" ";" ";"15-64 let";344809
" ";" ";"65 + let";67509
" ";"2002"
" ";" ";"0-14 let";76505
" ";" ";"15-64 let";345902
" ";" ";"65 + let";69710
" ";"2003"
" ";" ";"0-14 let";75056
" ";" ";"15-64 let";346663
" ";" ";"65 + let";71713
" ";"2004"
" ";" ";"0-14 let";73608
" ";" ";"15-64 let";347960
" ";" ";"65 + let";73533
" ";"2005"
" ";" ";"0-14 let";72817
" ";" ";"15-64 let";348349
" ";" ";"65 + let";75509
" ";"2006"
" ";" ";"0-14 let";72686
" ";" ";"15-64 let";349781
" ";" ";"65 + let";77554
" ";"2007"
" ";" ";"0-14 let";72796
" ";" ";"15-64 let";351564
" ";" ";"65 + let";79575
" ";"2008"
" ";" ";"0-14 let";73556
" ";" ";"15-64 let";353551
" ";" ";"65 + let";81500
" ";"2009"
" ";" ";"0-14 let";75610
" ";" ";"15-64 let";363859
" ";" ";"65 + let";82496
" ";"2010"
" ";" ";"0-14 let";77443
" ";" ";"15-64 let";368655
" ";" ";"65 + let";83548
" ";"2011"
" ";" ";"0-14 let";79388
" ";" ";"15-64 let";369864
" ";" ";"65 + let";83961
" ";"2012"
" ";" ";"0-14 let";81099
" ";" ";"15-64 let";369538
" ";" ";"65 + let";85847
" ";"2013"
" ";" ";"0-14 let";82955
" ";" ";"15-64 let";370871
" ";" ";"65 + let";87892
" ";"2014"
" ";" ";"0-14 let";84414
" ";" ";"15-64 let";371801
" ";" ";"65 + let";90099
" ";"2015"
" ";" ";"0-14 let";83652
" ";" ";"15-64 let";360653
" ";" ";"65 + let";90213
" ";"2016"
" ";" ";"0-14 let";84618
" ";" ";"15-64 let";359336
" ";" ";"65 + let";93069
" ";"2017"
" ";" ";"0-14 let";85644
" ";" ";"15-64 let";358268
" ";" ";"65 + let";95760
"Gorenjska"
" ";"1995"
" ";" ";"0-14 let";38284
" ";" ";"15-64 let";134451
" ";" ";"65 + let";22072
" ";"1996"
" ";" ";"0-14 let";37567
" ";" ";"15-64 let";134443
" ";" ";"65 + let";23177
" ";"1997"
" ";" ";"0-14 let";36513
" ";" ";"15-64 let";135012
" ";" ";"65 + let";23847
" ";"1998"
" ";" ";"0-14 let";35595
" ";" ";"15-64 let";135299
" ";" ";"65 + let";24744
" ";"1999"
" ";" ";"0-14 let";34563
" ";" ";"15-64 let";135215
" ";" ";"65 + let";25433
" ";"2000"
" ";" ";"0-14 let";33707
" ";" ";"15-64 let";136639
" ";" ";"65 + let";26131
" ";"2001"
" ";" ";"0-14 let";33072
" ";" ";"15-64 let";136693
" ";" ";"65 + let";26936
" ";"2002"
" ";" ";"0-14 let";32426
" ";" ";"15-64 let";137091
" ";" ";"65 + let";27760
" ";"2003"
" ";" ";"0-14 let";31714
" ";" ";"15-64 let";137370
" ";" ";"65 + let";28564
" ";"2004"
" ";" ";"0-14 let";30868
" ";" ";"15-64 let";137697
" ";" ";"65 + let";29269
" ";"2005"
" ";" ";"0-14 let";30485
" ";" ";"15-64 let";137775
" ";" ";"65 + let";30082
" ";"2006"
" ";" ";"0-14 let";30062
" ";" ";"15-64 let";138107
" ";" ";"65 + let";30916
" ";"2007"
" ";" ";"0-14 let";29925
" ";" ";"15-64 let";138119
" ";" ";"65 + let";31858
" ";"2008"
" ";" ";"0-14 let";29931
" ";" ";"15-64 let";138807
" ";" ";"65 + let";32516
" ";"2009"
" ";" ";"0-14 let";30256
" ";" ";"15-64 let";138366
" ";" ";"65 + let";33157
" ";"2010"
" ";" ";"0-14 let";30576
" ";" ";"15-64 let";138598
" ";" ";"65 + let";33729
" ";"2011"
" ";" ";"0-14 let";31033
" ";" ";"15-64 let";138607
" ";" ";"65 + let";33787
" ";"2012"
" ";" ";"0-14 let";31335
" ";" ";"15-64 let";138251
" ";" ";"65 + let";34471
" ";"2013"
" ";" ";"0-14 let";31636
" ";" ";"15-64 let";137013
" ";" ";"65 + let";35335
" ";"2014"
" ";" ";"0-14 let";31914
" ";" ";"15-64 let";135930
" ";" ";"65 + let";36050
" ";"2015"
" ";" ";"0-14 let";32080
" ";" ";"15-64 let";134887
" ";" ";"65 + let";36883
" ";"2016"
" ";" ";"0-14 let";32221
" ";" ";"15-64 let";133702
" ";" ";"65 + let";37915
" ";"2017"
" ";" ";"0-14 let";32369
" ";" ";"15-64 let";132538
" ";" ";"65 + let";38893
"Primorsko-notranjska"
" ";"1995"
" ";" ";"0-14 let";9059
" ";" ";"15-64 let";33293
" ";" ";"65 + let";7098
" ";"1996"
" ";" ";"0-14 let";9138
" ";" ";"15-64 let";34225
" ";" ";"65 + let";7374
" ";"1997"
" ";" ";"0-14 let";8765
" ";" ";"15-64 let";34119
" ";" ";"65 + let";7459
" ";"1998"
" ";" ";"0-14 let";8451
" ";" ";"15-64 let";34297
" ";" ";"65 + let";7617
" ";"1999"
" ";" ";"0-14 let";8156
" ";" ";"15-64 let";34309
" ";" ";"65 + let";7675
" ";"2000"
" ";" ";"0-14 let";8042
" ";" ";"15-64 let";34667
" ";" ";"65 + let";7835
" ";"2001"
" ";" ";"0-14 let";7799
" ";" ";"15-64 let";34885
" ";" ";"65 + let";7901
" ";"2002"
" ";" ";"0-14 let";7641
" ";" ";"15-64 let";35065
" ";" ";"65 + let";8054
" ";"2003"
" ";" ";"0-14 let";7416
" ";" ";"15-64 let";35249
" ";" ";"65 + let";8110
" ";"2004"
" ";" ";"0-14 let";7281
" ";" ";"15-64 let";35434
" ";" ";"65 + let";8198
" ";"2005"
" ";" ";"0-14 let";7212
" ";" ";"15-64 let";35447
" ";" ";"65 + let";8373
" ";"2006"
" ";" ";"0-14 let";7130
" ";" ";"15-64 let";35491
" ";" ";"65 + let";8552
" ";"2007"
" ";" ";"0-14 let";7056
" ";" ";"15-64 let";35705
" ";" ";"65 + let";8722
" ";"2008"
" ";" ";"0-14 let";7093
" ";" ";"15-64 let";36176
" ";" ";"65 + let";8814
" ";"2009"
" ";" ";"0-14 let";7196
" ";" ";"15-64 let";35557
" ";" ";"65 + let";8975
" ";"2010"
" ";" ";"0-14 let";7268
" ";" ";"15-64 let";35994
" ";" ";"65 + let";8955
" ";"2011"
" ";" ";"0-14 let";7399
" ";" ";"15-64 let";36035
" ";" ";"65 + let";8853
" ";"2012"
" ";" ";"0-14 let";7487
" ";" ";"15-64 let";35867
" ";" ";"65 + let";9033
" ";"2013"
" ";" ";"0-14 let";7620
" ";" ";"15-64 let";35526
" ";" ";"65 + let";9236
" ";"2014"
" ";" ";"0-14 let";7804
" ";" ";"15-64 let";35156
" ";" ";"65 + let";9489
" ";"2015"
" ";" ";"0-14 let";7825
" ";" ";"15-64 let";34935
" ";" ";"65 + let";9778
" ";"2016"
" ";" ";"0-14 let";7901
" ";" ";"15-64 let";34599
" ";" ";"65 + let";10023
" ";"2017"
" ";" ";"0-14 let";7974
" ";" ";"15-64 let";34314
" ";" ";"65 + let";10294
"Goriška"
" ";"1995"
" ";" ";"0-14 let";21156
" ";" ";"15-64 let";81426
" ";" ";"65 + let";17246
" ";"1996"
" ";" ";"0-14 let";20659
" ";" ";"15-64 let";82485
" ";" ";"65 + let";17816
" ";"1997"
" ";" ";"0-14 let";19920
" ";" ";"15-64 let";82770
" ";" ";"65 + let";18172
" ";"1998"
" ";" ";"0-14 let";19299
" ";" ";"15-64 let";82509
" ";" ";"65 + let";18478
" ";"1999"
" ";" ";"0-14 let";18825
" ";" ";"15-64 let";82212
" ";" ";"65 + let";18622
" ";"2000"
" ";" ";"0-14 let";18389
" ";" ";"15-64 let";83018
" ";" ";"65 + let";19037
" ";"2001"
" ";" ";"0-14 let";18034
" ";" ";"15-64 let";83041
" ";" ";"65 + let";19239
" ";"2002"
" ";" ";"0-14 let";17705
" ";" ";"15-64 let";83212
" ";" ";"65 + let";19496
" ";"2003"
" ";" ";"0-14 let";17250
" ";" ";"15-64 let";82870
" ";" ";"65 + let";19818
" ";"2004"
" ";" ";"0-14 let";16759
" ";" ";"15-64 let";82880
" ";" ";"65 + let";20103
" ";"2005"
" ";" ";"0-14 let";16466
" ";" ";"15-64 let";82614
" ";" ";"65 + let";20542
" ";"2006"
" ";" ";"0-14 let";16270
" ";" ";"15-64 let";82477
" ";" ";"65 + let";20881
" ";"2007"
" ";" ";"0-14 let";16015
" ";" ";"15-64 let";82166
" ";" ";"65 + let";21296
" ";"2008"
" ";" ";"0-14 let";15989
" ";" ";"15-64 let";82769
" ";" ";"65 + let";21571
" ";"2009"
" ";" ";"0-14 let";16023
" ";" ";"15-64 let";80743
" ";" ";"65 + let";21767
" ";"2010"
" ";" ";"0-14 let";16201
" ";" ";"15-64 let";81359
" ";" ";"65 + let";21520
" ";"2011"
" ";" ";"0-14 let";16459
" ";" ";"15-64 let";81435
" ";" ";"65 + let";21252
" ";"2012"
" ";" ";"0-14 let";16696
" ";" ";"15-64 let";80801
" ";" ";"65 + let";21739
" ";"2013"
" ";" ";"0-14 let";16930
" ";" ";"15-64 let";79928
" ";" ";"65 + let";22144
" ";"2014"
" ";" ";"0-14 let";17089
" ";" ";"15-64 let";78548
" ";" ";"65 + let";22737
" ";"2015"
" ";" ";"0-14 let";17219
" ";" ";"15-64 let";77575
" ";" ";"65 + let";23394
" ";"2016"
" ";" ";"0-14 let";17254
" ";" ";"15-64 let";76634
" ";" ";"65 + let";24176
" ";"2017"
" ";" ";"0-14 let";17291
" ";" ";"15-64 let";75594
" ";" ";"65 + let";24862
"Obalno-kraška"
" ";"1995"
" ";" ";"0-14 let";17025
" ";" ";"15-64 let";71261
" ";" ";"65 + let";13349
" ";"1996"
" ";" ";"0-14 let";16595
" ";" ";"15-64 let";72625
" ";" ";"65 + let";14028
" ";"1997"
" ";" ";"0-14 let";15896
" ";" ";"15-64 let";72807
" ";" ";"65 + let";14324
" ";"1998"
" ";" ";"0-14 let";15279
" ";" ";"15-64 let";72848
" ";" ";"65 + let";14700
" ";"1999"
" ";" ";"0-14 let";14759
" ";" ";"15-64 let";72589
" ";" ";"65 + let";15070
" ";"2000"
" ";" ";"0-14 let";14352
" ";" ";"15-64 let";73394
" ";" ";"65 + let";15582
" ";"2001"
" ";" ";"0-14 let";14088
" ";" ";"15-64 let";73739
" ";" ";"65 + let";15990
" ";"2002"
" ";" ";"0-14 let";13789
" ";" ";"15-64 let";74085
" ";" ";"65 + let";16344
" ";"2003"
" ";" ";"0-14 let";13405
" ";" ";"15-64 let";74484
" ";" ";"65 + let";16670
" ";"2004"
" ";" ";"0-14 let";13072
" ";" ";"15-64 let";74891
" ";" ";"65 + let";17046
" ";"2005"
" ";" ";"0-14 let";12811
" ";" ";"15-64 let";74724
" ";" ";"65 + let";17494
" ";"2006"
" ";" ";"0-14 let";12628
" ";" ";"15-64 let";75102
" ";" ";"65 + let";17902
" ";"2007"
" ";" ";"0-14 let";12568
" ";" ";"15-64 let";75252
" ";" ";"65 + let";18342
" ";"2008"
" ";" ";"0-14 let";12814
" ";" ";"15-64 let";76476
" ";" ";"65 + let";18615
" ";"2009"
" ";" ";"0-14 let";13206
" ";" ";"15-64 let";76738
" ";" ";"65 + let";18834
" ";"2010"
" ";" ";"0-14 let";13616
" ";" ";"15-64 let";77939
" ";" ";"65 + let";18857
" ";"2011"
" ";" ";"0-14 let";13949
" ";" ";"15-64 let";78078
" ";" ";"65 + let";18733
" ";"2012"
" ";" ";"0-14 let";14278
" ";" ";"15-64 let";77977
" ";" ";"65 + let";19168
" ";"2013"
" ";" ";"0-14 let";14733
" ";" ";"15-64 let";77557
" ";" ";"65 + let";19646
" ";"2014"
" ";" ";"0-14 let";14947
" ";" ";"15-64 let";77458
" ";" ";"65 + let";20443
" ";"2015"
" ";" ";"0-14 let";15280
" ";" ";"15-64 let";76372
" ";" ";"65 + let";21121
" ";"2016"
" ";" ";"0-14 let";15517
" ";" ";"15-64 let";75612
" ";" ";"65 + let";21941
" ";"2017"
" ";" ";"0-14 let";15734
" ";" ";"15-64 let";75078
" ";" ";"65 + let";22705

"Od objave podatkov o prebivalstvu Slovenije po 1. 1. 2008 uporabljamo "
"na StatistiËnem uradu Republike Slovenije (seznam "
"HREF=http://www.stat.si/StatWeb/glavnanavigacija/podatki/prikazistaro-"
"novico?IdNovice=2319 TARGET=_blank) spremenjeno statistiËno "
"definicijo prebivalstva. To pomeni prelom v Ëasovni vrsti podatkov, "
"zato podatki po tej definiciji, torej podatki od leta 2009 dalje, "
"niso neposredno primerljivi s podatki za predhodna leta. "
" "
"Viri: StatistiËni urad Republike Slovenije, Ministrstvo za notranje "
"zadeve - Centralni register prebivalstva, Ministrstvo za notranje "
"zadeve - Direktorat za upravne notranje zadeve."

"Povezane vsebine: "
"- (seznam HREF=http://www.stat.si/StatWeb/File/DocSysFile/7808 "
"target=_blank) Metodoloöka pojasnila "

"Podatki so teritorialno razvröËeni po uredbi o Standardni "
"klasifikaciji teritorialnih enot ((seznam "
"HREF=../database/Meta/Klas/SKTE.htm TARGET=_blank) opis in "
"pojasnila), raven SKTE 3. "
"Opombe o spremembah posameznih regij so zapisane k vsaki spremenjeni "
"regiji in so ob izpisu tabele na zaslon dostopne s klikom na ikono za "
"opombe (zvezdica). V opombah je na zaËetku naveden datum, s katerim "
"je opisana teritorialna sprememba upoötevana pri teritorialnem "
"razvröËanju enot za statistiËne namene.  "
" "

"15.01.2005: Zaradi sprememb meja naselij (Marija Reka in Knezdol) in "
"obËin (Prebold in Trbovlje) sta se poslediËno spremenili meji med "
"savinjsko in zasavsko statistiËno regijo. Savinjska statistiËna "
"regija se je zmanjöala za 0,2 km2; za prav toliko se je poveËala "
"zasavska statistiËna regija.  "
" "

"15.01.2005: Zaradi sprememb meja naselij (Marija Reka in Knezdol) in "
"obËin (Prebold in Trbovlje) sta se poslediËno spremenili meji med "
"savinjsko in zasavsko statistiËno regijo. Savinjska statistiËna "
"regija se je zmanjöala za 0,2 km2; za prav toliko se je poveËala "
"zasavska statistiËna regija.  "
" "

"30. 3. 2000 je bil po Uredbi o SKTE iz dotedanje osrednjeslovenske "
"statistiËne regije izloËen njen juûni del (obËine KoËevje, Kostel, "
"Loöki Potok, Osilnica, Ribnica, Sodraûica) in pripojen k dotedanji "
"dolenjski statistiËni regiji; ta se je zato poveËala (za  985 km2 ) "
"in je dobila novo ime ñ jugovzhodna Slovenija "
" Uradni list öt. 28/00. "

"30. 3. 2000 je bil po Uredbi o SKTE iz dotedanje osrednjeslovenske "
"statistiËne regije izloËen njen juûni del (obËine KoËevje, Kostel, "
"Loöki Potok, Osilnica, Ribnica, Sodraûica) in pripojen k dotedanji "
"dolenjski statistiËni regiji; ta se je zato poveËala (za  985 km2 ) "
"in je dobila novo ime ñ jugovzhodna Slovenija "
" Uradni list öt. 28/00. "

"Stanje na 1.1. "

"Podatke o prebivalstvu za stanje 1. 1. 2011 smo v Sloveniji "
"pripravili tudi v skladu z Uredbo (ES) öt. 763/2008 Evropskega "
"parlamenta in Sveta z dne 9. julija 2008 o popisih prebivalstva in "
"stanovanj (Uradni list Evropske unije L 218/14, 13. avgust 2008)."

"Starost je Ëas, ki ga je oseba preûivela od rojstva do trenutka "
"statistiËnega opazovanja. Izraûena je v dopolnjenih letih starosti."

